{
  "rmse_test": 395.7310954850125,
  "rmse_threshold": 498.6692458148085,
  "approved": true
}