feature,psi
dcoilwtico,12.46421459937271
transactions,0.08718847149518895
month,0.05686715296926374
day,0.0008253627370325251
weekday,0.000456552086205675
onpromotion,0.0
is_holiday,0.0
